halo_id,redshift,cont_1500_size_dir_0,shift_x_dir_0,shift_y_dir_0,MAB_1500_dir_0,cont_1500_size_dir_1,shift_x_dir_1,shift_y_dir_1,MAB_1500_dir_1,cont_1500_size_dir_2,shift_x_dir_2,shift_y_dir_2,MAB_1500_dir_2,cont_1500_size_dir_3,shift_x_dir_3,shift_y_dir_3,MAB_1500_dir_3,cont_1500_size_dir_4,shift_x_dir_4,shift_y_dir_4,MAB_1500_dir_4,cont_1500_size_dir_5,shift_x_dir_5,shift_y_dir_5,MAB_1500_dir_5,cont_1500_size_dir_6,shift_x_dir_6,shift_y_dir_6,MAB_1500_dir_6,cont_1500_size_dir_7,shift_x_dir_7,shift_y_dir_7,MAB_1500_dir_7,cont_1500_size_dir_8,shift_x_dir_8,shift_y_dir_8,MAB_1500_dir_8,cont_1500_size_dir_9,shift_x_dir_9,shift_y_dir_9,MAB_1500_dir_9
39767,8,14.246757039111111,-1,2,-17.03205051525726,14.246757039111111,-1,2,-17.077320474252325,14.246757039111111,-1,-1,-16.649697160078908,14.246757039111111,-2,2,-16.83962734735428,21.370135558666668,-3,0,-17.04284198680351,21.370135558666668,2,-1,-16.69889451564297,28.493514078222223,0,-1,-16.1767867570802,14.246757039111111,-2,-3,-17.060900049307648,21.370135558666668,-2,-4,-16.903098529492816,14.246757039111111,-1,-4,-17.04964475265241
264209,8,194.7473175822222,-5,-13,-15.3137958077169,236.4788856355555,-4,-17,-15.241770525078053,166.9262722133333,2,-3,-14.925591992163724,166.9262722133333,0,-15,-15.220774347666023,166.9262722133333,-61,-79,-16.274684522763096,862.4524064355554,-55,-39,-15.68407502161125,139.10522684444445,-9,-6,-15.237984927875004,222.56836295111108,-3,15,-15.165310202053128,236.4788856355555,3,9,-15.340397619984444,236.4788856355555,-5,12,-15.44543058643741
33314,8,119.03768405244445,2,-7,-16.992937876275413,100.72419419822222,-5,-3,-17.163296675697737,192.29164346933334,-2,13,-17.24983183520797,100.72419419822222,-5,8,-17.408129150956228,119.03768405244445,-6,-7,-17.30748321455217,155.66466376088889,-8,-5,-16.98136694942631,91.56744927111112,-9,10,-17.637519287111886,119.03768405244445,5,-1,-17.01622099751713,155.66466376088889,-14,2,-17.291640164076373,73.25395941688889,-10,0,-17.607910465972566
159731,8,7.901203094222221,0,-2,-17.2709953001486,7.901203094222221,0,-3,-17.81635723522485,47.40721856533333,-1,-2,-16.516485641831387,15.802406188444442,0,-1,-16.920132225560756,244.93729592088883,16,29,-16.18078362232945,7.901203094222221,-2,1,-17.34135793581675,71.11082784799999,-1,0,-16.470681817390577,15.802406188444442,0,1,-16.832500695297735,31.604812376888884,0,1,-16.832077652788225,7.901203094222221,0,1,-17.02971388602796
172388,8,26.611555367999994,8,1,-16.301087506278023,62.09362919199999,4,0,-15.550658718422106,53.22311073599999,8,-1,-15.783253942602336,106.44622147199998,10,2,-15.308186582581385,106.44622147199998,0,0,-15.078638498048974,115.31673992799996,-5,-2,-15.18165052791489,17.741036911999995,8,0,-16.37046827495663,35.48207382399999,7,-2,-15.592688633582455,17.741036911999995,6,-2,-16.427790515450745,35.48207382399999,8,-2,-16.23303446941921
218765,8,8.367639966222221,5,-12,-17.381004148999423,8.367639966222221,3,-12,-17.379109295243744,8.367639966222221,4,-5,-17.378464645872448,16.735279932444442,10,-8,-17.39262260859688,25.102919898666663,11,-5,-16.95041182163905,8.367639966222221,-7,4,-17.354853292450343,8.367639966222221,2,1,-17.380805754483394,8.367639966222221,8,8,-17.171743132973422,8.367639966222221,7,10,-17.380028680477892,8.367639966222221,5,11,-17.379362746547756
215388,8,14.736459900888887,-1,8,-17.45295295274002,14.736459900888887,-3,12,-17.424762260645885,14.736459900888887,0,-4,-17.480569424076844,14.736459900888887,-3,12,-17.465899930516247,14.736459900888887,-13,-4,-17.41822482545498,14.736459900888887,5,-12,-17.49522535880178,14.736459900888887,2,6,-17.131320702751793,29.472919801777774,-1,-14,-17.03647173784411,14.736459900888887,-8,-6,-17.486953767806316,14.736459900888887,-1,-9,-17.492708917696945
270614,8,47.61272317111111,5,-3,-17.443534783449252,57.135267805333335,5,-4,-17.420005249992773,47.61272317111111,4,1,-17.46978819600914,171.405803416,5,-1,-16.280462739765845,47.61272317111111,4,1,-17.484654395298577,114.27053561066667,-1,4,-16.72628207628383,85.702901708,5,-3,-16.992047410252788,47.61272317111111,4,4,-17.29456251270352,47.61272317111111,6,1,-17.407707202884666,104.74799097644444,4,2,-17.015419720401106
255987,8,38.45119641955555,8,-14,-16.21052004229535,19.225598209777775,7,-17,-16.52666898715401,86.515191944,7,1,-16.029369647816146,28.83839731466666,11,-14,-16.120995779382746,28.83839731466666,17,0,-16.664622231208675,19.225598209777775,-5,11,-16.803718287315697,9.612799104888888,4,-3,-16.53308845912938,221.0943794124444,9,14,-15.849112819737243,19.225598209777775,12,11,-16.55570277254401,182.64318299288885,9,11,-15.667948109706174
9762,8,203.97244952666665,0,50,-16.992982950207917,258.36510273377775,6,0,-16.34718418665748,299.1595926391111,13,2,-15.94779205145177,217.57061282844444,-6,-8,-16.188925574375894,244.766939432,0,12,-16.14086842907588,244.766939432,8,8,-16.207372597931176,190.37428622488886,1,-12,-16.03497216809869,149.57979631955556,-6,3,-16.04979172474104,163.17795962133331,5,-12,-16.20702590528679,190.37428622488886,0,-51,-16.994705445395873
60426,8,34.826215770666664,0,-10,-15.806722793569726,34.826215770666664,-3,-9,-16.348430076545327,34.826215770666664,0,-9,-14.764370186933476,34.826215770666664,4,-2,-16.60257361225073,43.53276971333333,9,-8,-16.325788610065544,34.826215770666664,-10,0,-16.424877506467993,17.413107885333332,-3,5,-15.86539598220368,43.53276971333333,6,8,-15.078222435151801,26.119661827999998,-1,9,-16.468439860913485,43.53276971333333,-1,11,-15.620989822906076
215652,8,458.0532821511111,-58,2,-16.24213989513082,575.838411847111,-67,20,-16.31112687708155,628.1873583786667,-56,-30,-16.08905821534934,471.140518784,-4,1,-16.44464277969994,340.26815245511114,-3,-1,-16.529527605355845,510.40222868266665,-36,-39,-16.269210538262293,510.40222868266665,-52,34,-16.254331015717504,431.87880888533334,-46,-33,-16.220761587736952,353.355389088,-6,-2,-16.57974658535656,274.8319692906667,-6,-2,-16.63224222482993
281123,8,16.870304114666666,-12,-1,-16.659282574925797,25.305456172,-6,-6,-16.083931609320032,33.74060822933333,-12,8,-16.34548644784416,8.435152057333333,-12,-10,-16.37105363369406,8.435152057333333,3,8,-16.522044897397386,16.870304114666666,-5,10,-16.374687741205072,8.435152057333333,-12,-10,-16.667923992840855,67.48121645866667,-12,8,-15.948159584593505,8.435152057333333,-3,-3,-16.61932137534929,25.305456172,-11,0,-16.40116876665744
48138,8,278.0037621666666,3,4,-16.144915871379396,278.0037621666666,0,0,-16.037693174231848,264.7654877777777,3,-2,-16.23016961028536,238.28893899999994,9,5,-15.986831768629195,225.05066461111107,-5,-2,-15.815726979791833,278.0037621666666,2,-6,-15.86788842823146,238.28893899999994,4,3,-16.256409599857456,225.05066461111107,3,-2,-15.960979199830199,291.24203655555556,0,6,-16.066044747270467,317.7185853333333,4,7,-16.057496457727368
43906,8,446.74992561777776,37,29,-17.132584526210437,349.0233793888888,23,45,-17.008185298866493,418.82805526666664,40,-17,-17.30145330478478,432.7889904422222,23,48,-17.104166583017644,418.82805526666664,-39,-18,-16.95634362947656,502.59366631999995,38,-46,-17.162649955388364,614.2811477244444,46,27,-17.280036606685627,251.29683315999998,5,-13,-16.820140465614188,223.37496280888888,-1,-5,-16.526747890842238,446.74992561777776,37,-31,-17.127467142789712
99253,8,89.79862969777777,-63,17,-15.544967520012072,170.61739642577774,-39,-1,-15.587005556900884,251.43616315377773,-64,36,-15.736163180030502,350.2146558213333,-7,-30,-16.044223479637687,251.43616315377773,-11,36,-15.731433513988122,89.79862969777777,-14,28,-15.820937725497267,341.2347928515555,-9,-25,-16.03587016232418,323.27506691199994,-72,15,-15.805502268136543,161.63753345599997,14,-2,-16.113828546254652,161.63753345599997,-5,7,-15.97560227521847
62149,8,68.2427340911111,0,-6,-18.119840031394922,68.2427340911111,3,-10,-18.012234795063407,40.94564045466666,-2,5,-18.114192202742935,68.2427340911111,1,-12,-18.005872778674956,54.59418727288889,10,5,-18.155099560734378,95.53982772755555,-3,10,-17.87008707984452,54.59418727288889,-2,-8,-17.724920090507585,81.89128090933332,-1,10,-18.136651351624046,95.53982772755555,6,2,-17.972247363629208,81.89128090933332,-1,5,-18.126897357430597
14607,8,29.184613375999998,-5,-2,-14.643288836220087,43.776920063999995,-2,-3,-14.4925699032799,7.2961533439999995,-4,3,-16.527055992145044,43.776920063999995,-4,-6,-14.840257272223539,36.48076672,2,4,-14.561518420424264,7.2961533439999995,-3,4,-16.34554983449067,58.369226751999996,-6,-5,-14.720043644835442,7.2961533439999995,-5,4,-16.765752345014306,7.2961533439999995,0,-1,-16.756710160850396,7.2961533439999995,-4,1,-16.08578719906383
263675,8,110.18982363999997,-10,0,-20.447920496063254,176.30371782399996,-8,-1,-19.9373585886638,154.26575309599997,-10,1,-20.068381334672985,220.37964727999994,-9,-3,-19.76728740989019,110.18982363999997,-2,1,-20.146639802514215,595.0250476559999,0,7,-18.381808217124775,132.22778836799998,-10,-2,-20.56951758816307,110.18982363999997,-10,1,-19.999390418736915,154.26575309599997,-7,-1,-20.474589705862968,132.22778836799998,-10,0,-20.4084676589732
311934,8,22.772583178666665,-13,17,-18.02564321357011,30.36344423822222,-15,24,-17.94191136695872,37.95430529777777,-11,-4,-17.649554330092563,68.317749536,-14,19,-17.186179627551873,22.772583178666665,-28,-6,-17.906868027249878,22.772583178666665,4,-22,-17.99181541190634,15.18172211911111,-7,10,-17.804234927840874,30.36344423822222,-14,-26,-18.059267365256197,22.772583178666665,-24,-13,-17.93451448443472,15.18172211911111,-13,-19,-17.91804702557534
264402,8,51.656250531999994,29,28,-19.26386495161964,17.21875017733333,46,7,-19.134903727716527,309.93750319199995,30,43,-18.833362233460008,258.28125265999995,1,-22,-19.029393506474047,361.59375372399995,4,41,-18.392563231116206,51.656250531999994,45,29,-19.375651028902162,223.8437523053333,31,-45,-18.86730799774189,378.81250390133334,27,13,-18.144489425291447,51.656250531999994,39,-37,-19.279629008617867,292.7187530146666,28,-29,-18.818422539511424
10929,8,90.15668804488888,-1,3,-16.53479635911421,90.15668804488888,-4,5,-17.011802649071104,64.39763431777777,-4,-5,-16.89210591277159,154.55432236266665,-3,1,-15.775839189507892,115.91574177199999,-7,-5,-16.22417532718955,103.03621490844444,-2,-10,-16.54074792562868,115.91574177199999,-3,6,-16.326303527266624,77.27716118133333,-2,-7,-16.557369542930992,77.27716118133333,-10,-1,-16.444634706592353,141.67479549911113,-8,-5,-15.961966621886972
61456,8,12.497005777333332,-1,-3,-17.91453893199037,174.95808088266662,-4,-1,-16.805408730774218,237.4431097693333,-13,22,-16.832177957944804,12.497005777333332,0,0,-17.866374165025668,262.437121324,-6,22,-16.86053860823518,187.45508665999998,7,14,-16.86871153952246,12.497005777333332,-1,2,-18.09750146441324,124.97005777333332,-20,6,-16.995197076597304,274.9341271013333,-3,-19,-17.29500016455816,124.97005777333332,-1,2,-17.72794112954498
131017,8,7.276970686222222,-14,-27,-17.921219546709793,7.276970686222222,-19,-23,-17.92298123844377,14.553941372444443,-16,-16,-17.927375140229046,14.553941372444443,2,-11,-17.914909547446463,7.276970686222222,18,-16,-17.92725136037332,72.76970686222221,-30,4,-17.233664773644556,7.276970686222222,-20,10,-17.921696084501004,7.276970686222222,-5,15,-17.93013202643268,7.276970686222222,-8,26,-17.903278686853188,7.276970686222222,-14,26,-17.930296968668817
255063,8,55.058983463999986,-4,1,-14.832380615719835,100.94146968399998,-3,1,-14.440112442841425,91.76497243999998,-4,0,-14.942262960576272,36.70598897599999,-4,1,-14.83489118593284,82.58847519599999,0,1,-14.365836866784548,27.529491731999993,-1,-1,-14.772473227181791,128.47096141599997,0,-1,-14.589887832832424,110.11796692799997,-1,-1,-14.332300486087107,27.529491731999993,-4,-2,-14.852434152137477,100.94146968399998,-3,-2,-14.425100846154287
300951,8,29.402670141333328,-2,0,-15.989723545087521,19.60178009422222,-3,-1,-16.22751845363912,9.80089004711111,0,0,-16.927037504539413,4.900445023555555,-1,1,-17.65059194151943,4.900445023555555,-3,-1,-17.39546295754505,19.60178009422222,1,-2,-16.23769558476448,9.80089004711111,-1,0,-17.258603026117626,4.900445023555555,-1,-2,-17.195969467081063,9.80089004711111,-1,-2,-16.733199118011264,9.80089004711111,-1,-2,-17.069603358129598
60678,8,260.0167101866666,0,-1,-15.392406944828686,95.33946040177776,-2,-2,-15.522433174738964,277.3511575324444,1,-4,-15.145199982001053,173.34447345777775,2,1,-15.317255309381999,95.33946040177776,-2,-3,-15.550443294801141,208.01336814933327,1,-3,-15.335100648070316,268.6839338595555,-1,2,-15.216836050591631,164.6772497848889,0,-2,-15.186633294271083,130.0083550933333,-2,-3,-15.322802547463652,199.3461444764444,-1,0,-15.590083276695012
221613,8,24.506178063999997,-7,-5,-16.920974811635073,32.67490408533333,-9,-3,-16.368463265800166,16.337452042666666,-7,-7,-16.850312113290272,24.506178063999997,-2,1,-16.356554603549903,16.337452042666666,0,-7,-16.199482293834976,8.168726021333333,-9,-4,-16.408877839963495,16.337452042666666,-8,5,-16.55849714221833,89.85598623466664,-4,0,-14.983503530568946,24.506178063999997,-7,5,-16.84247267874591,16.337452042666666,-7,5,-16.621197214385212
60117,8,56.10545890133333,-2,-2,-16.589415082441768,196.36910615466667,-3,1,-15.87329042579509,140.26364725333332,-3,-4,-16.146698795150456,126.237282528,2,-1,-16.333651108229652,238.44820033066668,-8,2,-15.432513509406547,238.44820033066668,-1,4,-15.59846175038561,182.34274142933333,-3,3,-16.04925390323895,210.39547087999998,-7,-3,-15.505281758899748,196.36910615466667,-1,-6,-15.747106297474517,182.34274142933333,-3,-3,-15.741754735803923
255177,8,10.631538720888887,1,-2,-15.53930691242099,10.631538720888887,0,-2,-15.579055077067224,100.99961784844444,0,-1,-15.092668720766504,10.631538720888887,1,-1,-15.54042041790047,21.263077441777774,3,0,-14.812949490960115,5.315769360444444,-1,0,-15.622641487183216,58.47346296488888,0,0,-15.454928781390706,47.841924244,1,1,-15.38885556626132,5.315769360444444,1,1,-15.89682890343682,5.315769360444444,1,1,-15.967697588357083
77486,8,10.425188682222222,21,-4,-16.718866978562264,10.425188682222222,21,-8,-17.270777795400267,10.425188682222222,20,7,-16.89160559344989,10.425188682222222,16,-11,-17.22153303493726,41.70075472888889,10,7,-16.241460070296498,10.425188682222222,10,10,-17.017540842916738,10.425188682222222,18,-9,-17.15188993668017,10.425188682222222,17,9,-17.14627814637966,20.850377364444444,23,-1,-16.84872310844089,104.25188682222222,21,0,-15.674105774126978
263650,8,157.87961375555554,-14,-4,-18.13664294953321,189.45553650666662,-16,-2,-18.067761074068393,94.72776825333331,-14,-7,-18.23734850390839,110.51572962888888,-9,2,-17.887058061972986,742.034184651111,-34,37,-17.830678403171554,94.72776825333331,-12,-4,-18.130969738966982,63.15184550222221,-14,5,-18.106940580130324,189.45553650666662,-11,-3,-17.896705162450885,126.30369100444442,-14,5,-18.296292949582757,157.87961375555554,-14,3,-17.746408906716475
53641,8,19.78102657511111,-2,2,-18.80543228015755,257.15334547644443,-4,-2,-17.330124239076966,39.56205315022222,-2,0,-19.806764061277555,19.78102657511111,-1,0,-19.174376363042306,375.8395049271111,-2,11,-17.142737316774763,39.56205315022222,0,-2,-18.43086029620878,39.56205315022222,-2,0,-19.710389196821126,178.029239176,-2,-3,-17.448160346715067,118.68615945066666,-1,-2,-17.859172931099316,296.7153986266667,-6,0,-17.267427072660414
252449,8,284.41153466844435,5,-24,-15.699248768279858,459.4340175413332,20,33,-15.884321677873167,153.14467251377775,26,0,-15.868839909212241,284.41153466844435,9,28,-15.666832233868114,273.47262948888886,19,-16,-15.633839802127383,525.0674486186665,34,-25,-15.806223660555474,295.35043984799995,31,7,-16.086401210413335,328.1671553866666,17,-33,-15.726729149349978,295.35043984799995,6,23,-15.631128580174163,306.2893450275555,5,23,-15.759756216275676
32817,8,231.12858335288885,2,-3,-15.842501313768345,303.3562656506666,-15,-14,-15.583608543362125,187.7919739742222,4,1,-15.906944137917726,1112.3063073857777,85,51,-15.577399116244322,173.34643751466663,0,3,-15.801946087580305,158.9009010551111,0,0,-15.864555397206466,173.34643751466663,3,-1,-16.01362355641355,144.45536459555552,4,0,-15.90571166469018,202.23751043377774,2,2,-15.96966487442937,187.7919739742222,3,2,-16.0016261132742
47786,8,247.63842423466664,8,-3,-15.751499690886405,278.593227264,-2,4,-15.561921614849844,299.2297626168889,8,-19,-15.873135967587906,309.54803029333334,14,15,-15.597707537823801,402.4124393813333,-5,-20,-15.360136413817138,257.9566919111111,5,2,-15.773102988729683,319.8662979697778,8,19,-15.893467598718203,319.8662979697778,-10,3,-15.529877287562059,309.54803029333334,3,-6,-15.516810538788505,288.9114949404444,1,1,-15.558008454980175
29642,8,301.79012567199993,-11,-32,-18.858937862248982,318.55624376488885,-18,-28,-18.84314021692759,117.36282665022222,-15,-15,-18.489184013779983,167.66118092888885,8,-12,-18.328417263455513,167.66118092888885,4,-12,-18.47420650382604,217.95953520755552,-20,-3,-18.443226105108398,134.12894474311108,-17,8,-18.139596913326503,100.59670855733332,0,17,-18.381682645987038,134.12894474311108,-14,12,-18.479635092342658,301.79012567199993,-11,31,-18.81634894641598
61341,8,359.06718422666665,24,-3,-17.044542686253614,212.17606340666663,-2,-4,-17.57764654637837,195.85482775999995,-6,7,-17.84485056902831,359.06718422666665,-6,-8,-17.46256668097228,146.89112081999997,4,7,-17.482024268955985,179.53359211333333,8,5,-17.2427271515966,212.17606340666663,-5,-7,-17.48903732709479,195.85482775999995,-7,6,-18.023386595322606,310.10347728666665,19,0,-16.897155141731673,408.0308911666666,25,3,-16.998500426076994
37383,8,4.824656061777777,3,-3,-16.584523405244994,4.824656061777777,2,-2,-16.559781631248256,4.824656061777777,3,-3,-16.579388130119845,4.824656061777777,4,0,-16.574035945222846,4.824656061777777,2,-3,-16.56759574125448,4.824656061777777,-1,-1,-16.595047752476155,4.824656061777777,3,2,-16.4565714012286,4.824656061777777,4,0,-16.574504716156554,4.824656061777777,2,2,-16.528730221699576,4.824656061777777,3,2,-16.58027920683235
179923,8,29.00746340533333,-9,0,-16.98603916669738,19.338308936888886,-9,1,-16.82506741681051,77.35323574755554,-7,-3,-16.376396023554328,19.338308936888886,-7,2,-16.779669527052647,67.68408127911111,-6,-2,-16.336423405439966,67.68408127911111,-4,-3,-16.317896670631683,116.02985362133332,-8,3,-16.206144877426446,29.00746340533333,-8,-3,-17.02131861292633,58.01492681066666,-9,-1,-16.39225893494904,29.00746340533333,-9,-1,-16.737497189927666
39310,8,255.45379354133334,-3,4,-17.91202020053559,255.45379354133334,-3,9,-17.8640832091136,328.440591696,-3,-2,-17.83822697918747,273.70049308000006,-6,3,-17.909918008699,310.1938921573333,-8,0,-17.886457585290735,346.6872912346667,16,6,-17.27388190392006,401.4273898506667,-4,-16,-17.751243757730602,237.20709400266668,-6,-8,-17.925451920776293,291.9471926186667,-6,-4,-17.928402299085178,291.9471926186667,-4,-5,-17.745431610478573
48131,8,117.55924257733331,-14,5,-17.278769430702738,128.24644644799997,-11,8,-17.087612722171603,117.55924257733331,-13,0,-17.446676773684743,117.55924257733331,-13,4,-17.307305683091204,106.87203870666664,-8,-1,-17.4695949234702,128.24644644799997,-3,-4,-17.27858567603509,96.18483483599998,-11,1,-17.419359822838018,138.93365031866665,-14,-6,-17.504591423611394,106.87203870666664,-14,-4,-17.17928930383053,117.55924257733331,-13,-6,-17.410297738115602
778,8,113.74263092799998,0,1,-17.8858499015972,113.74263092799998,1,9,-18.083801357428932,126.38070103111109,-2,1,-17.719303137734904,189.57105154666667,-2,-1,-17.87959751968411,265.3994721653333,-1,0,-17.368841477451,176.93298144355552,0,0,-17.884203184544486,151.6568412373333,7,8,-18.06887902251828,189.57105154666667,5,-14,-18.152984177655433,63.190350515555544,-1,-2,-17.97195007552616,113.74263092799998,0,-2,-17.921959263568542
37382,8,151.35846617955553,1,-4,-16.535397377543575,206.39790842666667,0,-4,-16.31527571931658,178.8781873031111,1,-2,-16.418513491051876,96.31902393244444,3,-3,-16.573130430289183,165.11832674133333,2,-3,-16.41919626558544,178.8781873031111,-3,0,-16.461995411996774,165.11832674133333,0,0,-16.590488321217016,206.39790842666667,1,-1,-16.039901158201324,220.15776898844445,1,8,-16.22595386113329,192.63804786488888,2,5,-16.397801830982388
64053,8,73.26948146133333,-2,-1,-16.004544432318504,85.48106170488889,-2,2,-16.09423564710668,134.32738267911108,-1,-2,-15.371871151068731,97.69264194844443,-1,4,-15.782201525356534,97.69264194844443,-3,-4,-15.772263605284941,97.69264194844443,-2,-2,-15.928151349997094,109.90422219199999,-2,3,-15.606059715843521,122.11580243555554,0,-3,-15.793854350199005,97.69264194844443,-4,0,-15.883957577761251,109.90422219199999,-4,0,-15.84530533624384
52307,8,139.58121960444444,-1,-1,-17.264593521212568,139.58121960444444,-3,0,-17.399808105201426,266.4732374266667,-2,0,-17.316906053726562,241.09483386222217,-3,0,-17.3370785504942,228.40563207999998,-4,-22,-17.007503126126842,203.02722851555552,-2,-1,-17.373834701074262,228.40563207999998,-1,-1,-17.45155960858966,215.71643029777775,-2,-1,-17.237298143875268,203.02722851555552,-9,12,-17.15029223930225,203.02722851555552,3,6,-17.065264416607555
226172,8,7.451834777777777,52,-4,-16.645694002211975,7.451834777777777,80,-45,-16.588575740563314,7.451834777777777,48,68,-16.617811850917267,7.451834777777777,24,-80,-16.613919956955733,7.451834777777777,59,69,-16.535896195897244,7.451834777777777,39,84,-16.461278976496928,7.451834777777777,42,-80,-16.604181176427915,7.451834777777777,29,70,-16.63889154549603,7.451834777777777,91,-20,-16.54671374304214,7.451834777777777,52,3,-16.634964041460837
327845,8,19.557722844,-5,1,-17.81295277456558,39.115445688,-4,3,-17.11890505007833,13.038481895999999,-5,5,-18.137813948232342,32.59620474,-6,-4,-17.496161174780678,26.076963791999997,0,4,-17.594848667409217,39.115445688,1,0,-17.005410454085663,19.557722844,-5,-6,-17.7741877675008,45.634686636,-6,-2,-17.11261381389606,19.557722844,-2,-1,-17.357110296011587,45.634686636,-4,-1,-16.406827531008425
264389,8,99.95735250222222,-5,31,-16.31836135795278,107.64637961777777,-15,51,-16.240688057017458,53.823189808888884,-2,-16,-16.203053271838506,92.26832538666666,-12,55,-16.52612599336655,99.95735250222222,-49,-17,-16.794256775654304,176.84762365777777,22,-56,-16.43683742013416,215.29275923555554,-15,2,-15.94538403293187,92.26832538666666,-6,-61,-16.624779520620876,284.4940032755555,-6,13,-16.063082142699862,153.78054231111108,-4,-42,-16.27971809850522
61383,8,667.46988644,-7,-38,-17.898930575521415,591.187613704,-30,-14,-17.927384850530736,915.3872728319999,-8,-53,-17.971119077663968,419.552500048,23,20,-17.99772153926466,724.681590992,-1,-1,-18.163335930454384,667.46988644,-41,-31,-17.868460051854154,743.7521591760001,-12,49,-18.024796159650727,343.270227312,3,-3,-17.67337185126121,743.7521591760001,-22,46,-17.965388821227144,724.681590992,-7,37,-17.92511226312042
171209,8,890.5859146599998,20,65,-16.950824993964893,1082.4044193559998,8,86,-16.72706826252457,205.51982646,27,-13,-16.755577923635023,1013.8978105359998,-4,81,-16.618448720208335,232.92246998799996,-5,-16,-16.804070735111733,986.4951670079998,54,-71,-16.98263039248999,246.62379175199996,20,17,-16.69154700237567,1000.1964887719998,13,-87,-16.864500205632762,780.975340548,-27,-47,-16.713862907324312,890.5859146599998,20,-65,-16.811996412389078
310126,8,81.58818611777778,-8,-9,-14.993687557342028,29.668431315555555,-1,0,-14.982825723569604,66.75397045999999,-7,-1,-14.625358268176939,7.417107828888889,-2,0,-15.539296727642316,7.417107828888889,-1,-1,-16.116867467493357,37.08553914444444,-3,0,-15.84326574433156,7.417107828888889,-11,-3,-15.415436738821924,22.251323486666664,0,0,-15.691851079909128,7.417107828888889,-2,0,-17.05705453938281,59.33686263111111,-7,7,-15.626338319745543
61606,8,230.3056584462222,-1,-9,-16.399301361864914,489.39952419822214,50,-56,-16.877823120266775,316.67028036355555,-7,-16,-16.219970904352728,172.72924383466665,4,-2,-16.271642488056848,259.09386575199994,5,-12,-16.156842644814333,230.3056584462222,-4,1,-16.537208390030294,273.4879694048889,2,-4,-16.27255541951824,273.4879694048889,2,11,-15.961489119663746,244.69976209911107,7,6,-16.479897976627242,201.51745114044442,2,7,-16.525924812849745
60958,8,70.98258783466666,20,-4,-16.117849953496503,35.49129391733333,13,0,-15.909688779616722,53.23694087599999,5,-4,-16.53297373406904,59.15215652888888,4,2,-15.920480710800092,35.49129391733333,-4,-4,-16.5391397311625,23.66086261155555,6,-7,-16.462957800482563,47.3217252231111,7,4,-16.396702377512383,53.23694087599999,6,-8,-16.604423188435792,70.98258783466666,0,-3,-16.250010407976923,59.15215652888888,5,-5,-16.343901229734314
215094,8,62.17730542133334,17,29,-17.74478120441408,31.08865271066667,38,8,-18.33947156382856,31.08865271066667,19,46,-18.298564346092764,20.725768473777777,-8,-22,-18.20404773173719,20.725768473777777,-2,46,-18.316512931867045,20.725768473777777,40,29,-18.321496483346962,93.265958132,15,-45,-17.425796909082997,31.08865271066667,0,11,-18.238264094527104,20.725768473777777,31,-38,-18.298492753432647,62.17730542133334,14,-30,-17.686173430582723
91386,8,55.43328200666666,-8,12,-16.504709879221636,55.43328200666666,-4,10,-16.416202200131934,88.69325121066666,-3,3,-16.077245326858602,44.34662560533333,-13,4,-16.60493696279676,88.69325121066666,-10,4,-16.04409006085607,44.34662560533333,5,-2,-16.41049968285696,66.51993840799999,-6,-5,-15.860893704882109,88.69325121066666,-12,-7,-16.02070684284169,44.34662560533333,-9,-13,-16.4836913272162,44.34662560533333,-9,-13,-16.26189000692319
212186,8,111.94540187599999,14,-9,-16.775999645695347,124.38377986222221,5,-2,-16.79631278921386,161.6989138208889,11,-12,-16.576816857707954,174.13729180711113,19,7,-16.826619980384873,111.94540187599999,-5,-10,-17.276794487786916,223.89080375199998,2,-13,-16.244127973390647,62.191889931111106,12,14,-16.93307265979239,99.50702388977777,17,-6,-17.187944161206286,62.191889931111106,6,11,-16.80820490596175,99.50702388977777,14,8,-16.778317112528548
49413,8,36.07701510222221,-4,12,-15.77816529668295,99.21179153111109,15,-7,-15.629997609337309,27.05776132666666,-5,36,-15.505566493917165,63.13477642888887,-18,-29,-15.382527054860368,36.07701510222221,7,37,-15.725113710356084,36.07701510222221,14,32,-15.888804078446057,18.038507551111106,-4,-39,-15.331394803373612,36.07701510222221,-16,20,-15.969277197228756,54.11552265333332,14,-23,-15.768466215062524,27.05776132666666,-4,-13,-15.897654322198285
109503,8,256.2596928333333,2,-5,-18.29028765177872,205.00775426666667,1,-6,-18.37626040627827,136.67183617777775,1,0,-18.30439167647414,187.92377474444442,3,-4,-18.309401673785604,256.2596928333333,2,6,-17.575148455689025,170.8397952222222,-2,3,-18.405092670138853,153.75581569999997,0,-2,-18.254866154951962,256.2596928333333,1,4,-18.190680415714034,170.8397952222222,3,2,-18.4086062001238,187.92377474444442,2,4,-18.509066986168584
62242,8,50.61647958222222,-20,4,-18.304375690458514,63.27059947777778,-15,1,-17.49202561696076,113.88707906,-20,4,-18.153853039785417,88.57883926888888,-20,-4,-17.69990557160267,139.1953188511111,-5,14,-17.88980087508897,151.84943874666666,-3,7,-17.342260031601356,126.54119895555556,-19,-5,-17.701738625053963,37.962359686666666,-21,2,-17.75017073329952,88.57883926888888,-12,-9,-17.74746463182535,50.61647958222222,-20,-5,-18.1985687066592
60152,8,141.84396714,0,6,-17.933266925655474,157.6044079333333,-1,8,-17.844485061202345,220.64617110666666,0,-3,-18.10137793908161,220.64617110666666,-1,16,-17.139567865845837,220.64617110666666,-4,10,-17.827175339110216,252.1670526933333,3,-9,-17.690984636130914,252.1670526933333,8,-4,-17.75436622930883,173.36484872666665,1,-9,-17.87284231801664,204.8857303133333,5,-12,-17.78525989150637,173.36484872666665,6,-9,-17.80226293964027
96195,8,132.97164191733333,1,0,-18.514732411928673,44.32388063911111,1,-1,-19.2273362318678,376.7529854324444,2,-1,-17.4420449029665,243.78134351511108,-1,-3,-17.802332815426183,44.32388063911111,0,0,-19.589588776366096,132.97164191733333,0,1,-18.584305474472927,376.7529854324444,5,-3,-17.692909726435715,398.91492575199993,4,0,-17.50942216344036,22.161940319555555,0,-1,-19.446303765588915,22.161940319555555,-1,0,-19.334090005680938
25369,8,23.82948580711111,1,3,-17.709214431569734,95.31794322844443,1,-3,-16.848580288824557,23.82948580711111,1,2,-18.438098448459243,71.48845742133332,0,0,-16.771840035502386,35.74422871066666,-5,1,-17.295695741421618,71.48845742133332,3,-2,-17.254326981729463,47.65897161422222,1,-2,-17.530925370647445,119.14742903555555,1,-3,-16.43978640605092,71.48845742133332,3,0,-16.74718231792317,71.48845742133332,1,0,-16.697891893697438
305244,8,22.661693703999997,-2,0,-14.347117465915133,22.661693703999997,-1,-2,-14.518633914155274,30.215591605333326,0,0,-14.368281464847634,7.553897901333332,-1,-1,-17.01907062426144,7.553897901333332,0,0,-16.941069512995256,7.553897901333332,-1,0,-17.008108512878355,7.553897901333332,-1,-1,-16.21354063010979,7.553897901333332,-1,0,-17.026550924680137,7.553897901333332,-1,-1,-16.739039688529243,7.553897901333332,-1,0,-15.840198963190666
51737,8,1018.3263994271111,-67,74,-16.894156449015906,517.5101374137778,-12,31,-17.14477994191325,183.6326294048889,7,0,-16.56889969527741,66.77550160177778,3,2,-17.326634770850685,233.71425560622222,-9,2,-16.669754587061437,801.3060192213334,40,60,-17.25385805062406,183.6326294048889,12,0,-16.669322979791414,183.6326294048889,6,-9,-16.905091986247015,250.40813100666668,-1,-4,-17.25914765287904,166.93875400444446,-66,-75,-16.74242497412138
31354,8,6.135228193333333,-3,2,-15.804688345219482,18.405684580000003,-1,1,-15.269902534780492,12.270456386666666,-2,0,-15.934332221803189,12.270456386666666,-3,0,-16.639691567000288,12.270456386666666,-2,0,-16.280352927639072,12.270456386666666,-1,-1,-16.40747913710964,6.135228193333333,-2,-1,-15.929979985668716,6.135228193333333,-3,-1,-16.46665551400706,12.270456386666666,-2,-2,-16.54192621819226,12.270456386666666,-2,-2,-15.884538358552746
130335,8,183.41630697244443,-11,14,-16.531851491374447,149.0257494151111,-5,10,-16.560776460244014,240.73390290133332,-8,9,-16.338022932952697,149.0257494151111,-17,3,-16.85415932707473,103.171672672,-13,9,-16.751523071001053,80.24463430044443,6,-1,-16.820816124517304,68.78111511466666,-6,-8,-16.866829174127,183.41630697244443,-15,-7,-16.52436197504621,160.48926860088886,-9,-15,-16.837204878286364,103.171672672,-10,-15,-16.731773581632087
94284,8,6.903560521777777,-5,-3,-17.20434919043157,6.903560521777777,-6,-2,-17.23789924898673,6.903560521777777,-5,-4,-17.310178527361437,6.903560521777777,-2,1,-17.314918934239913,6.903560521777777,-1,-4,-15.937516779503198,6.903560521777777,-5,-3,-17.30765803358418,6.903560521777777,-5,3,-17.134430776883377,6.903560521777777,-3,-1,-16.80397963189808,6.903560521777777,-5,3,-16.89151371772828,13.807121043555554,-4,2,-16.079656881205928
272453,8,36.31183256711111,-2,-4,-15.100289520083251,36.31183256711111,-2,-5,-15.399415601207004,36.31183256711111,-4,0,-15.048944920462404,45.38979070888889,1,-4,-15.678060634828519,127.09141398488887,-37,56,-16.147526784354824,36.31183256711111,-4,3,-15.241739636952019,36.31183256711111,-3,-2,-15.414278831573263,54.467748850666666,-2,3,-15.73251420839857,36.31183256711111,0,2,-15.650951332561604,36.31183256711111,-3,3,-15.413147449043684
86054,8,381.946768616,17,2,-17.693184434817084,272.81912043999995,-2,-4,-17.983423512839813,363.75882725333327,-2,-2,-17.88944076070929,236.44323771466665,1,-2,-17.702809383737716,200.06735498933332,2,-5,-17.84168424554847,218.255296352,-5,-1,-17.828798245458238,181.87941362666663,-1,3,-18.206472599713557,545.6382408799999,19,-14,-17.442535342186773,181.87941362666663,0,5,-17.299674654762036,454.69853406666664,42,-12,-16.98075422644955
134515,8,454.05794866799994,58,-29,-18.099169543304544,571.7766761004444,64,8,-18.085416766127903,201.8035327413333,68,7,-18.07197145339832,622.2275592857777,52,4,-18.322151468151233,538.1427539768888,50,10,-18.203932696060825,571.7766761004444,46,-2,-18.068948553921945,269.0713769884444,46,-20,-18.212932930139246,538.1427539768888,61,-7,-18.213624398772318,386.7901044208889,69,16,-17.81456284248142,487.6918707915555,58,28,-18.012276431674792
287785,8,3.522374770666666,12,-22,-16.67492915282014,3.522374770666666,7,-21,-16.74289290773921,1.761187385333333,10,-10,-17.213684417355122,3.522374770666666,20,-12,-16.81228545818122,1.761187385333333,21,-9,-17.49667297175359,3.522374770666666,-11,7,-16.377058131258167,15.850686467999997,4,3,-15.12537110475035,3.522374770666666,17,15,-17.028183036950217,1.761187385333333,15,19,-17.47260841762045,8.805936926666666,10,22,-15.373236418477909
28955,8,174.48203017466665,26,-77,-16.838984067094923,141.24735776044443,-6,-11,-16.316439436836035,191.09936638177774,16,68,-16.961664001798447,108.01268534622221,1,5,-16.35267060727314,191.09936638177774,-12,-23,-16.269388201981634,149.55602586399996,-11,-1,-16.306062098780423,747.7801293199998,-7,-99,-16.70364307858484,91.39534913911109,-5,1,-16.327226108589635,66.46934482844443,-3,8,-16.37837765538466,232.64270689955552,-4,9,-16.463429939678996
271138,8,291.7615138,1,-9,-17.377444958487015,243.13459483333332,3,-9,-17.556160760352405,243.13459483333332,-3,8,-17.357764514507505,226.92562184444446,0,-15,-17.66569299769207,226.92562184444446,5,6,-17.681050365535942,194.50767586666666,-1,10,-17.88052443916876,307.9704867888889,-3,-6,-17.35582506782619,324.17945977777777,-2,14,-17.378895593833658,243.13459483333332,9,1,-17.609681290717695,324.17945977777777,-4,-1,-17.2602673095181
45552,8,725.9986394519999,-42,-37,-16.738684984093737,866.1036400479999,-19,-62,-16.936081767173047,700.52500298,-47,32,-17.099243096304434,1006.208640644,-30,-73,-16.78958218983079,776.945912396,54,33,-16.976096780575972,1095.366368296,-42,69,-17.01848846722713,955.2613676999999,-54,-48,-16.999323075106474,1120.840004768,-42,72,-17.085555266993918,318.4204559,8,17,-16.702234480438342,751.472275924,-42,36,-16.73876587941858
150249,8,4.723336443999999,-2,-1,-16.726814040259264,4.723336443999999,-1,-1,-16.11299453404743,4.723336443999999,-2,0,-16.71796456539353,4.723336443999999,-1,-1,-14.851282707661085,4.723336443999999,0,0,-16.701128307142664,4.723336443999999,-1,-1,-15.441108998102784,4.723336443999999,-2,-1,-14.952314047731257,4.723336443999999,-1,0,-15.011035182085351,9.446672887999998,-1,-1,-14.546412303031303,4.723336443999999,-1,-1,-15.086148885195414
280626,8,102.40186419955556,6,-7,-16.913477288113995,325.8241133622222,-87,-11,-16.615733620798714,344.44263412577783,-88,-21,-16.850902967656047,111.71112458133334,-1,-1,-17.33785816864536,121.02038496311111,2,-4,-16.731330194181858,390.98893603466666,-65,-9,-16.582722382796156,121.02038496311111,-2,0,-17.119595221532254,167.566686872,-4,-5,-17.2130226753098,418.91671718000003,-75,21,-16.834704094443985,167.566686872,-1,-3,-16.81232348113317
264579,8,24.91665331333333,-5,-13,-15.817508698615669,39.86664530133333,-5,-14,-15.798508698869746,44.849975963999995,-3,-4,-15.357744137230284,29.899983975999994,2,-8,-16.21913015676745,54.81663728933333,4,-1,-15.819406013135051,39.86664530133333,-13,5,-15.862156145976726,24.91665331333333,-7,1,-16.20014501997992,59.79996795199999,0,15,-15.369282310057812,24.91665331333333,1,11,-15.999983336461135,24.91665331333333,-4,14,-15.86421559492171
264891,8,6.716080630666666,-1,-2,-16.544745425280055,6.716080630666666,-1,-1,-16.16955944593701,6.716080630666666,-1,-1,-16.531927324671422,6.716080630666666,0,-1,-16.51881170454272,6.716080630666666,0,-1,-16.49663591532955,6.716080630666666,-1,-1,-16.528337039041816,6.716080630666666,-1,0,-16.535788927715046,6.716080630666666,0,0,-16.55229786672227,6.716080630666666,0,1,-16.529914111581647,6.716080630666666,-1,1,-16.494217891599938
60082,8,65.83370889333332,13,7,-16.297190396922318,109.72284815555555,6,8,-15.83061076745183,131.66741778666665,14,-9,-15.615932575342114,43.88913926222222,10,14,-16.663620726871574,98.75056334,-11,-7,-16.009049619096785,142.6397026022222,9,-15,-15.711348293936751,76.80599370888888,14,9,-16.19052116932349,142.6397026022222,14,-15,-15.54318102865902,175.5565570488889,6,0,-15.1419885162884,153.61198741777775,11,2,-15.334572998506253
324687,8,57.98247746222222,4,-6,-16.20438432863699,69.57897295466665,4,-7,-16.27361888505135,110.16670717822221,20,7,-15.539884147325175,92.77196393955555,12,-8,-15.516398135222232,34.78948647733333,7,1,-16.0425828081109,81.1754684471111,-1,4,-16.013501027058176,86.97371619333333,2,-2,-16.057430643146354,52.184229716,5,5,-16.101506329127204,52.184229716,6,3,-16.101725471023613,92.77196393955555,4,4,-15.835648200107556
140785,8,10.109986696,2,-6,-16.69959966583746,10.109986696,1,-6,-16.76357547011409,10.109986696,2,-3,-16.724750118408327,10.109986696,4,-3,-16.45151623025634,10.109986696,5,-2,-16.75025364560421,10.109986696,-3,2,-16.176128518891304,10.109986696,1,1,-16.39893883678028,20.219973392,3,4,-16.112688097505483,10.109986696,3,4,-16.116110284533306,10.109986696,2,5,-16.48831720343344
156708,8,11.621534617333333,36,-28,-16.882353796673563,11.621534617333333,12,-9,-17.526336411858523,34.864603852,36,-42,-16.235858440831244,46.48613846933333,51,18,-15.870616761239845,244.052226964,11,-42,-17.263396351901616,69.729207704,-8,-27,-16.21924161162027,11.621534617333333,31,39,-16.63465656311963,11.621534617333333,48,-10,-16.996117741855752,11.621534617333333,15,34,-17.3883879940003,11.621534617333333,35,26,-17.383451654540426
109467,8,202.836195632,23,16,-15.696688812527341,96.58866458666665,1,-1,-16.262327740748603,106.24753104533332,0,7,-16.144700350239162,48.294332293333326,-1,-2,-16.27652320797816,106.24753104533332,2,4,-16.082062714513327,106.24753104533332,3,8,-16.105162338187476,96.58866458666665,1,0,-16.379315627291348,86.929798128,-1,7,-16.132605494942084,77.27093166933332,1,-2,-16.321638791295925,202.836195632,2,-2,-15.761601412876331
58255,8,6.345086213777778,5,9,-16.645666296062316,6.345086213777778,4,10,-16.630773872933823,12.690172427555556,5,1,-16.408820777822093,38.07051728266667,0,8,-15.62762794386294,12.690172427555556,-9,1,-16.71301044117679,6.345086213777778,9,-7,-16.717940506863105,6.345086213777778,7,1,-16.658000857543875,6.345086213777778,3,-10,-16.815905401642183,6.345086213777778,0,-8,-16.464032972041494,6.345086213777778,5,-10,-16.74079191553205
19157,8,219.93473172266664,-4,-6,-18.737126982588833,219.93473172266664,-7,-3,-18.61550500559931,183.27894310222223,-4,-7,-18.35026927146959,183.27894310222223,1,2,-18.310381290149266,238.2626260328889,0,-7,-18.58383029945092,219.93473172266664,-7,-4,-18.439211016229883,274.9184146533333,-8,4,-18.379795316208405,201.60683741244443,0,0,-18.208388664249643,421.5415691351111,4,-12,-18.567683947752492,293.2463089635556,1,-10,-18.458875447640114
271718,8,11.011600080444445,7,-1,-15.90342408738848,11.011600080444445,12,-9,-16.48621091916867,286.30160209155554,7,13,-15.042093458207773,176.18560128711113,3,-16,-15.094974736726499,11.011600080444445,11,13,-16.463978404065394,11.011600080444445,6,16,-16.083266850724023,176.18560128711113,5,-16,-15.564036353695279,11.011600080444445,2,14,-16.488049541638702,11.011600080444445,15,-4,-16.518238609430696,11.011600080444445,7,0,-16.19622170543719
78313,8,105.08813791644444,-8,-4,-17.04963380604844,249.58432755155553,-6,-5,-16.46277136638625,91.95212067688888,-7,4,-16.98149002031625,131.36017239555554,-7,-6,-17.057085783602286,105.08813791644444,7,4,-16.964590810438803,131.36017239555554,-8,7,-16.68883203725382,105.08813791644444,-8,-6,-17.02525534402642,157.63220687466665,-7,12,-16.922939039463785,236.448310312,-2,0,-16.4915232813224,91.95212067688888,-7,2,-17.064175766384576
266102,8,12.903074837333332,3,1,-15.994861841834307,9.677306127999998,1,4,-17.153009649260966,9.677306127999998,3,-2,-17.018742859502474,12.903074837333332,3,5,-15.86821673021658,29.031918383999997,-2,-9,-15.45106056931268,16.128843546666666,2,-7,-16.493123226548825,25.806149674666663,0,-14,-16.905650926432077,9.677306127999998,-3,9,-15.652425908784842,12.903074837333332,9,-6,-15.110742277973984,12.903074837333332,3,-4,-15.864443788142978
52259,8,381.8082850835555,-1,-2,-19.339505558502353,436.3523258097777,-1,-1,-19.13992293463519,381.8082850835555,1,-3,-19.121619727671412,109.08808145244443,0,-1,-19.746923903249733,572.7124276253332,0,-1,-18.730368647932277,1827.2253643284441,19,74,-18.583063901367236,136.36010181555554,-1,-1,-19.5612304768298,654.5284887146665,-2,1,-18.8827356219077,163.63212217866663,0,0,-19.567618959106493,272.7202036311111,-1,0,-19.41968300814044
92127,8,72.82769618133332,-18,-1,-16.114420768613613,78.02967447999998,-17,1,-16.34538017886311,78.02967447999998,-18,-2,-16.200213370214158,57.22176128533333,-14,1,-16.333637284310704,41.61582638933333,-3,-1,-16.108505524518037,52.019782986666655,-9,-2,-16.219374593936223,72.82769618133332,-17,1,-16.202104994468137,67.62571788266666,-3,-3,-16.439379219130835,72.82769618133332,-16,0,-16.249839725575292,78.02967447999998,-18,0,-16.25815280359862
78732,8,8.806825304888887,12,21,-15.167397717491767,44.03412652444444,-19,-13,-15.651283060068565,35.22730121955555,-12,-21,-15.519002345042402,70.4546024391111,4,2,-14.543634284556084,26.42047591466666,8,-21,-15.501764248574176,26.42047591466666,-25,-8,-15.449119827736418,17.613650609777775,-15,17,-15.424433918983468,114.48872896355553,5,-12,-14.00381043724282,123.29555426844442,-12,21,-14.710299565883929,149.7160301831111,7,-6,-14.152428594790948
169621,8,144.4703278431111,-4,1,-16.556005961929124,394.00998502666664,-3,-1,-16.08522000395326,65.66833083777777,-4,4,-16.146307291716433,39.40099850266667,-5,-3,-16.18529746185836,118.20299550799999,-1,4,-16.072882801981883,52.53466467022222,-1,3,-16.284268977553396,105.06932934044444,-4,-5,-15.969622813453306,52.53466467022222,-5,2,-16.221867073973648,288.9406556862222,-2,-2,-16.309955475350947,288.9406556862222,-4,-1,-16.345173186158384
271311,8,567.2709416195555,7,-49,-17.495267570666144,420.8784405564444,-32,-11,-17.311065375098575,274.48593949333326,7,-85,-17.38056664061233,256.1868768604444,47,43,-17.216946418526344,182.99062632888888,4,-85,-17.421669812301023,219.58875159466663,-48,-58,-17.369944962992236,274.48593949333326,1,81,-17.398946595929054,347.6821900248888,37,-26,-17.472198726148257,219.58875159466663,-26,65,-17.302780834708706,585.5700042524444,6,48,-17.601369335323408
6988,8,220.33578819555552,-11,-3,-17.072358678776002,275.4197352444444,-14,-6,-17.058752438937674,302.96170876888885,7,-12,-17.47563166148421,316.7326955311111,7,11,-17.64836338458227,316.7326955311111,-7,-9,-17.30805651951544,289.19072200666665,-8,-21,-17.412367015084982,344.27466905555553,-10,20,-17.429830233836277,399.3586161044444,8,-11,-17.647128827980477,247.87776171999997,-7,1,-17.315030887980267,289.19072200666665,-11,2,-17.023152965788025
218984,8,10.685511967999998,-1,2,-17.548427666692792,10.685511967999998,3,-2,-17.371471538914843,10.685511967999998,-1,8,-17.569941510686377,21.371023935999997,-4,-8,-17.55845375813343,21.371023935999997,3,8,-17.55408829755078,21.371023935999997,2,8,-16.783719214071787,42.74204787199999,-2,-9,-16.646190150234396,21.371023935999997,-3,5,-17.549480898821752,21.371023935999997,4,-5,-17.557202955985368,21.371023935999997,-1,-2,-17.54912860032627
39301,8,153.56039835555555,11,-13,-17.080948196813885,153.56039835555555,8,-11,-17.098934360314573,92.13623901333334,16,-8,-17.42241051221057,307.1207967111111,22,-5,-16.797004595900873,61.42415934222222,13,-7,-17.200954599770345,214.98455769777777,-1,1,-16.455772858638696,122.84831868444444,8,3,-16.994401137792295,199.62851786222222,16,7,-16.6303763623117,92.13623901333334,12,11,-17.26737191221691,61.42415934222222,15,12,-17.401836032533033
271369,8,323.4286875342222,-14,55,-16.048152591873304,28.537825370666667,-2,-6,-17.049988065570144,42.806738056,-4,1,-16.606872258233306,19.02521691377778,-2,-6,-16.957122995544758,23.781521142222225,4,1,-16.983490916479454,47.56304228444445,-5,4,-16.92758693531886,19.02521691377778,-5,-3,-16.57384527027193,52.31934651288889,-3,5,-16.907479172661436,347.21020867644444,41,-83,-16.5076018592886,109.39499725422222,-4,3,-16.717114433704015
24834,8,46.007931232,0,4,-17.785121165473022,61.34390830933332,-3,9,-17.156527320040063,122.68781661866664,0,-1,-17.239415208792636,30.67195415466666,1,12,-17.540046381546958,30.67195415466666,-10,-7,-17.547142031140844,122.68781661866664,2,-11,-17.343530071591942,168.69574785066663,4,7,-17.015334593113238,107.35183954133332,1,-11,-17.867416910800046,138.02379369599998,-3,-4,-17.37237353175128,46.007931232,-1,-5,-17.7884725296678
61419,8,325.02036541599995,-4,9,-17.68414499971422,306.9636784484444,0,-4,-17.41878254750941,252.79361754577775,3,3,-17.61653468799105,234.7369305782222,-11,-3,-17.99408481566664,415.3038002537777,-10,2,-17.036429730914705,379.1904263186666,-5,11,-17.39092331006092,325.02036541599995,-7,-10,-17.361416615139124,198.62355664311107,-6,2,-18.056244149221754,162.51018270799997,-4,-10,-17.930383017952067,234.7369305782222,-4,-5,-18.07300854311585
280889,8,201.59902568888884,-7,3,-15.205773521079017,137.08733746844442,-3,2,-15.050655877894656,193.5350646613333,-7,3,-15.168398346101036,217.72694774399997,-9,0,-15.226861571668842,209.6629867164444,-3,0,-14.958952916242623,104.8314933582222,-2,0,-15.164062026083222,201.59902568888884,-5,-3,-15.042860537573247,209.6629867164444,-11,-4,-15.126251720717775,153.21525952355552,-9,-10,-15.141907706805291,201.59902568888884,-6,-3,-15.150816492772528
185919,8,40.931161493333335,0,-1,-15.801445004321756,20.465580746666667,0,0,-16.915025708324016,20.465580746666667,-3,3,-17.312573477286065,40.931161493333335,0,-2,-16.131630235548172,20.465580746666667,-2,3,-17.28793960048199,27.287440995555553,2,0,-15.809913542678864,20.465580746666667,-2,-4,-17.20383349867662,20.465580746666667,-4,-1,-17.072499622998425,20.465580746666667,0,-1,-16.41001108326175,27.287440995555553,1,-1,-16.080368078103582
290082,8,177.94391915999998,-18,-9,-16.35515291577496,152.52335928,2,-1,-16.492594931794635,245.73207884,-20,27,-16.235095482770284,245.73207884,-3,-3,-16.459124607448707,76.26167964,0,2,-16.72813228573183,296.5731986,-1,1,-16.394433443849834,228.78503892,-2,-3,-16.437528559999357,237.25855888,0,1,-16.444560469938658,67.78815967999999,4,-2,-16.597569611793205,135.57631935999999,0,-1,-16.599197786465396
293237,8,38.03933970666667,14,36,-17.876965204296308,38.03933970666667,-18,77,-17.911029987328977,38.03933970666667,20,-58,-17.997399789830148,12.679779902222222,14,99,-17.228384177485225,12.679779902222222,-78,-60,-17.84612942258322,38.03933970666667,22,-97,-16.955940496810587,76.07867941333333,30,75,-17.495639214640715,12.679779902222222,23,-97,-17.491407138729688,38.03933970666667,-48,-11,-17.80197713871409,215.5562583377778,18,-38,-17.052655575858115
272404,8,69.03135528266665,-4,-2,-14.832783286298636,57.52612940222221,-4,-3,-14.864226742655234,103.54703292399998,-3,-4,-15.559660461668841,34.515677641333326,3,2,-15.106777540486348,92.04180704355554,-2,-5,-14.38612667030177,11.505225880444442,-4,-4,-15.518092330242183,103.54703292399998,-1,5,-15.655068134709175,69.03135528266665,2,0,-14.68116743176612,92.04180704355554,-2,4,-14.675695139798492,92.04180704355554,0,2,-14.514574432223483
166880,8,380.31537913599993,15,-13,-17.05069488628134,881.6401970879999,-22,28,-17.145815319381267,622.3342567679999,11,36,-17.26783407182058,328.45419107199996,6,-55,-17.456708377185585,363.02831644799994,43,36,-17.456118081280977,414.889504512,4,54,-17.45282901553466,328.45419107199996,6,-45,-17.3568862847775,311.16712838399997,5,51,-17.522328805398768,259.30594032,42,0,-17.405430422701876,207.444752256,15,14,-17.469232929200047
323085,8,17.393766902666666,-15,-12,-17.258065847947698,17.393766902666666,-12,-14,-17.011137559640165,11.595844601777777,-16,1,-16.959860149119432,17.393766902666666,-9,-14,-17.274585980988263,17.393766902666666,10,3,-16.317973415786433,23.191689203555555,-16,11,-16.974107074417514,28.98961150444444,-19,-8,-16.47679539519362,17.393766902666666,-13,14,-17.2832113388978,17.393766902666666,-5,8,-17.293409912677312,17.393766902666666,-15,11,-17.286588746227945
21883,8,353.91454067555554,-1,1,-16.451320670498575,318.52308660799997,1,-1,-16.265538821229008,371.61026770933336,1,3,-16.316895115371793,353.91454067555554,2,-3,-16.294476149887345,336.2188136417778,0,0,-16.000607406386663,300.8273595742222,2,1,-16.151273043328395,247.74017847288889,-23,95,-16.804956379743214,336.2188136417778,-2,-1,-16.27867969842825,318.52308660799997,2,-2,-16.264230528508833,371.61026770933336,-1,-3,-16.398651659625457
307288,8,11.350887103111111,-2,-16,-17.058934159761336,11.350887103111111,-2,-18,-17.059704844796933,11.350887103111111,-3,-2,-17.059409539652894,11.350887103111111,4,-15,-17.054811130971817,11.350887103111111,16,-1,-17.05921940020812,11.350887103111111,-12,11,-17.061421311898506,11.350887103111111,-6,-4,-17.05900369424689,11.350887103111111,0,15,-17.060067034854136,17.026330654666666,6,12,-16.902268548714922,11.350887103111111,-2,15,-17.06090814059769
324558,8,12.693907030666665,2,-1,-18.53797448203887,12.693907030666665,2,-1,-18.357796696363927,12.693907030666665,2,-1,-18.21242292350813,12.693907030666665,2,-1,-18.67692311293972,12.693907030666665,0,-1,-18.636813731802974,101.55125624533332,0,1,-16.744779848898013,25.38781406133333,1,1,-17.359775123182096,139.63297733733333,2,3,-16.4504712885891,12.693907030666665,2,0,-18.649370471657555,12.693907030666665,2,0,-18.67239853711807
211809,8,6.701414369777777,-1,-1,-16.497971172331432,13.402828739555554,0,-1,-15.36563740264323,6.701414369777777,-1,-1,-16.210920046316055,20.104243109333332,1,-1,-14.62817151083052,6.701414369777777,0,0,-16.463925522545722,60.312729327999996,1,0,-14.025286646352995,6.701414369777777,-1,-1,-15.665585770736016,13.402828739555554,0,1,-14.952947843150753,13.402828739555554,1,-1,-15.463804730206256,6.701414369777777,-1,0,-16.454629753009627
80349,8,58.22051730488888,-6,-3,-15.92226594780547,65.498081968,-2,-7,-15.828720132688638,29.11025865244444,-6,6,-16.387203222835595,43.665387978666665,-6,-9,-15.897984166824436,58.22051730488888,3,5,-16.611648584678676,58.22051730488888,-3,8,-16.668459735641466,58.22051730488888,1,0,-16.72961787701294,50.94295264177777,0,1,-16.912646523186204,21.832693989333332,0,-1,-16.82840404999064,36.38782331555555,-1,0,-16.81990680217895
156638,8,69.11921625466665,-78,-62,-14.510141548477769,88.867563756,-1,-1,-14.37909653159452,69.11921625466665,-76,-64,-14.32326458855237,157.98678001066665,-22,9,-14.893778889789964,246.85434376666663,14,-66,-14.955281558311164,69.11921625466665,-97,-24,-14.289775051773404,39.49669500266666,-84,54,-14.200707827136299,286.3510387693333,-44,6,-14.787678480092765,88.867563756,2,-1,-14.475016688363475,108.61591125733331,-78,62,-14.624083599259663
60442,8,936.1164106311109,-39,-23,-18.711939403890074,914.8410376622221,-57,0,-18.51797437186384,85.10149187555554,-39,-48,-18.32520550683624,21.275372968888885,-11,29,-18.182879412777552,340.40596750222215,-1,-1,-18.169247378065066,1085.0440214133332,-47,-37,-18.589127905959497,21.275372968888885,-40,47,-18.22444527576532,510.60895125333326,-20,-21,-17.56047993508013,1233.9716321955555,-52,32,-18.535907709752696,936.1164106311109,-1,-1,-18.454049403459443
264772,8,65.6077452,23,43,-15.54236660724846,52.850683633333325,31,29,-15.582330029416,100.23405516666665,21,62,-14.986154829628404,91.12186833333331,-6,72,-15.25905403358518,74.71993203333332,0,17,-15.60658765136926,80.18724413333331,53,20,-15.197223426467971,72.89749466666665,21,-48,-15.59947101174955,72.89749466666665,-14,-9,-15.571192291639512,56.49555836666666,8,-13,-15.440644160068388,65.6077452,21,-43,-15.493214968430784
290123,8,492.58218354044436,62,-19,-16.539176764768484,282.972743736,16,24,-16.710457416692126,31.44141597066666,-14,95,-16.61632533850415,482.10171155022215,-56,-56,-16.79750475365829,985.1643670808887,-18,-82,-16.70479046025937,387.7774636382221,46,70,-16.949854386705645,188.64849582399998,-9,-94,-16.644661542617,964.2034231004443,82,-57,-16.568010855345186,765.074455286222,28,-69,-16.831790305423606,555.4650154817778,61,18,-16.1552780922542
143470,8,52.214698451111104,-6,1,-16.119441962421803,41.771758760888886,2,-8,-16.488943688436507,292.4023113262222,-7,16,-15.72878903491982,334.1740700871111,-10,-17,-15.615328156162875,407.27464791866663,7,17,-15.680470162483104,20.885879380444443,0,17,-16.461769073316376,31.328819070666665,-7,-18,-16.39862771070529,198.4158541142222,-11,14,-15.843686136665866,407.27464791866663,6,-9,-15.607257069196038,292.4023113262222,-6,-3,-15.823560519713027
136692,8,352.09052471155553,7,0,-18.45653295014322,321.4739573453333,13,-6,-18.008190173968067,382.7070920777777,6,13,-18.499051310192876,520.4816452257777,-53,-13,-18.02039588633081,290.8573899791111,8,13,-17.982532858535286,275.54910629599993,7,15,-18.51801401024804,413.32365944399993,-18,-18,-18.13454013797451,275.54910629599993,1,12,-18.3285447512706,321.4739573453333,14,-5,-18.367677155766337,352.09052471155553,7,-1,-18.535419259417544
78658,8,373.76913552444444,4,-1,-15.938278853665253,481.9654642288889,0,-3,-15.93322714136189,19.672059764444445,4,-4,-16.595883580964298,373.76913552444444,54,-33,-15.820623726768119,373.76913552444444,-2,-5,-15.896105894569104,137.70441835111112,0,-3,-16.213043645053745,167.21250799777778,3,3,-16.078876378019245,59.01617929333334,4,-2,-16.391170938064008,452.45737458222226,1,3,-15.900262875487364,442.6213447,3,-1,-15.811585139832928
168132,8,113.59027897333331,-2,2,-16.06821376497186,193.10347425466662,-5,8,-16.22001789363061,147.66736266533331,0,-7,-15.859838435430845,124.94930687066665,-1,10,-16.17026493201117,113.59027897333331,-9,-8,-16.12932868884502,408.92500430399997,-37,-7,-17.03656539765841,215.8215300493333,0,8,-16.367058288672254,295.33472533066663,-7,-49,-15.997873234007976,102.23125107599999,-8,-1,-16.336674075090087,159.02639056266665,-2,-3,-16.35244882723199
308287,8,9.05731072,0,13,-16.85036414583873,13.585966079999999,4,10,-16.703940402631908,9.05731072,1,8,-16.983539603735505,9.05731072,-8,3,-16.610504432933446,13.585966079999999,-10,8,-16.799377456608564,9.05731072,11,-1,-16.96833773540389,9.05731072,3,-7,-16.71360419991112,9.05731072,-4,-6,-16.904427484555463,9.05731072,-1,-13,-16.908602214855456,13.585966079999999,0,-13,-16.90226995675345
110257,8,8.231163438666666,3,1,-17.071845136006427,8.231163438666666,4,1,-16.9757221255987,8.231163438666666,4,1,-16.893196020714715,32.924653754666664,-5,-2,-15.319253804111057,8.231163438666666,-1,1,-16.938482126936613,24.693490316,4,1,-15.474100414823617,8.231163438666666,4,-2,-16.598720520369483,24.693490316,1,-1,-16.023631017411944,24.693490316,1,-3,-16.71397494677214,8.231163438666666,3,-2,-16.758146464422335
92249,8,18.08855268711111,-5,0,-16.282277263747645,18.08855268711111,-7,1,-16.029694353830713,27.132829030666667,-5,-4,-15.880698923777658,18.08855268711111,-3,3,-16.061148008331784,45.221381717777774,-3,-4,-15.212486491743562,27.132829030666667,-4,-5,-15.467835693203213,18.08855268711111,-4,3,-16.26228751254392,153.75269784044445,-3,-4,-14.54081925942549,63.30993440488889,-6,1,-15.210033887551589,81.398487092,-4,0,-14.777581092506729
65821,8,24.661690824888883,-3,4,-17.701751595234484,24.661690824888883,1,1,-17.73797456048724,36.992536237333326,-2,6,-17.710785280841094,24.661690824888883,-6,-4,-17.70650249370283,24.661690824888883,-2,6,-17.737362318499514,12.330845412444441,3,4,-17.625429638480696,36.992536237333326,-2,-7,-17.72394151514924,24.661690824888883,-5,1,-17.72904667393395,12.330845412444441,1,-6,-17.646819358423294,24.661690824888883,-3,-5,-17.717004262882217
148584,8,234.82412099555555,2,0,-15.762159869198491,205.4711058711111,2,-1,-15.781496400050017,190.79459830888888,2,0,-15.680890904176337,161.44158318444443,2,-1,-15.596672339747137,205.4711058711111,1,0,-15.75745409806359,176.11809074666667,1,0,-15.667151619250355,190.79459830888888,2,-1,-15.675403017494538,190.79459830888888,2,0,-15.848757845060845,190.79459830888888,2,-1,-15.741457365257816,220.1476134333333,2,0,-15.88827346742795
98155,8,65.708340456,-62,-43,-16.584251767760037,229.979191596,-1,3,-16.126964565716186,733.743135092,1,-7,-17.21580193757895,76.659730532,-19,22,-16.423206667332842,536.618113724,-3,-60,-16.15000177835566,843.257035852,-75,-34,-16.922796362650722,284.736141976,62,-8,-17.28649587150176,32.854170228,-35,-10,-16.800796478481068,164.27085114,-1,5,-16.249050642622876,657.08340456,-61,40,-16.41422689886484
171855,8,177.94006814399998,-1,-4,-16.644529159583918,118.62671209599999,9,-9,-16.86501319470157,163.11172913199997,2,0,-16.72280310968811,133.455051108,2,-6,-16.738358080334578,44.485017035999995,8,2,-17.555561746099784,133.455051108,-2,8,-16.70509559043311,177.94006814399998,-2,0,-16.772502993370566,133.455051108,7,8,-16.895821080471613,133.455051108,2,2,-16.839709084655002,148.28339012,1,3,-16.92862560897733
264416,8,72.64325912444443,19,2,-15.956244173172664,159.81517007377775,26,-11,-16.077673385789375,159.81517007377775,19,18,-16.18017859392691,159.81517007377775,10,-20,-15.857875050299896,58.11460729955555,-4,-4,-16.161436106585924,116.2292145991111,15,-7,-15.946181122563118,174.34382189866665,17,-21,-16.31342153590414,79.90758503688888,16,-7,-15.689028771274764,181.60814781111108,27,-7,-15.704232190654508,87.17191094933332,18,-1,-15.666399219587262
261467,8,643.0589904266666,-70,-2,-16.53443552110725,718.0825393097776,-88,30,-16.53200269476342,578.753091384,-67,-55,-16.663505253155613,643.0589904266666,-42,58,-16.479798067638477,610.9060409053333,-48,-56,-16.537314043111742,493.01189266044435,-50,-64,-16.586375173227772,503.72954250088884,-62,61,-16.61959680606426,385.8353942559999,-49,-51,-16.382378170819734,696.6472396288888,-93,18,-16.395987537477332,643.0589904266666,-70,1,-16.54670270978589
4487,8,192.67372165999998,1,-1,-16.31328497059647,141.29406255066667,0,-1,-16.78365084083199,231.20846599199996,1,2,-16.219261275120544,128.44914777333332,0,-3,-16.74846536416576,141.29406255066667,1,0,-16.83784682477697,218.36355121466664,-1,1,-16.796322994688477,166.9838921053333,-1,-4,-16.319918212644573,269.74321032399996,0,0,-16.5345537057443,269.74321032399996,2,1,-16.646629819616496,372.50252854266665,-11,-29,-16.268609309256448
271143,8,255.24414247822216,-15,6,-17.68628750545193,350.9606959075555,-29,-3,-17.551674755732538,271.1969013831111,-16,11,-17.843129463674074,271.1969013831111,-7,3,-17.620666734226198,191.43310685866663,-3,11,-17.626473772963614,207.3858657635555,-2,8,-17.766035390692984,255.24414247822216,-15,-11,-17.59660722808805,255.24414247822216,-19,5,-17.65524675992453,223.3386246684444,-8,-9,-17.560043178860134,287.14966028799995,-15,-7,-17.58241887180268
